[
    {
        "nome": "Espada Comum",
        "tipo": "Reta",
        "dano": 10.0, "peso": 5.0, "raridade": "Comum",
        "comp_cabo": 19.0, "comp_lamina": 55.0, "largura": 11.0, "distancia": 0.0,
        "comp_corrente": 0.0, "comp_ponta": 0.0, "largura_ponta": 0.0,
        "tamanho_projetil": 0.0, "quantidade": 1,
        "tamanho_arco": 0.0, "forca_arco": 0.0, "tamanho_flecha": 0.0,
        "quantidade_orbitais": 1, "tamanho": 15.0, "distancia_max": 0.0, "separacao": 0.0,
        "forma1_cabo": 0.0, "forma1_lamina": 0.0, "forma2_cabo": 0.0, "forma2_lamina": 0.0, "forma_atual": 1,
        "r": 200, "g": 200, "b": 200, "estilo": "", "cabo_dano": false,
        "habilidades": [{"nome": "Avanço Brutal", "custo": 30.0}],
        "encantamentos": [], "passiva": null,
        "critico": 0.05, "velocidade_ataque": 1.0, "afinidade_elemento": null,
        "durabilidade": 100.0, "durabilidade_max": 100.0,
        "habilidade": "Avanço Brutal", "custo_mana": 30.0
    },
    {
        "nome": "Garra Dupla",
        "tipo": "Dupla",
        "dano": 7.0, "peso": 3.5, "raridade": "Incomum",
        "comp_cabo": 10.0, "comp_lamina": 30.0, "largura": 8.0, "distancia": 0.0,
        "comp_corrente": 0.0, "comp_ponta": 0.0, "largura_ponta": 0.0,
        "tamanho_projetil": 0.0, "quantidade": 2,
        "tamanho_arco": 0.0, "forca_arco": 0.0, "tamanho_flecha": 0.0,
        "quantidade_orbitais": 1, "tamanho": 10.0, "distancia_max": 0.0, "separacao": 0.4,
        "forma1_cabo": 0.0, "forma1_lamina": 0.0, "forma2_cabo": 0.0, "forma2_lamina": 0.0, "forma_atual": 1,
        "r": 220, "g": 180, "b": 80, "estilo": "rapido", "cabo_dano": false,
        "habilidades": [{"nome": "Fúria Giratória", "custo": 35.0}],
        "encantamentos": [], "passiva": {"efeito": "double_hit", "valor": 20},
        "critico": 0.12, "velocidade_ataque": 1.4, "afinidade_elemento": null,
        "durabilidade": 80.0, "durabilidade_max": 80.0,
        "habilidade": "Fúria Giratória", "custo_mana": 35.0
    },
    {
        "nome": "Mangual de Ferro",
        "tipo": "Corrente",
        "dano": 14.0, "peso": 8.0, "raridade": "Incomum",
        "comp_cabo": 20.0, "comp_lamina": 10.0, "largura": 12.0, "distancia": 0.0,
        "comp_corrente": 60.0, "comp_ponta": 12.0, "largura_ponta": 14.0,
        "tamanho_projetil": 0.0, "quantidade": 1,
        "tamanho_arco": 0.0, "forca_arco": 0.0, "tamanho_flecha": 0.0,
        "quantidade_orbitais": 1, "tamanho": 15.0, "distancia_max": 0.0, "separacao": 0.0,
        "forma1_cabo": 0.0, "forma1_lamina": 0.0, "forma2_cabo": 0.0, "forma2_lamina": 0.0, "forma_atual": 1,
        "r": 160, "g": 160, "b": 180, "estilo": "pesado", "cabo_dano": true,
        "habilidades": [{"nome": "Terremoto", "custo": 45.0}],
        "encantamentos": [], "passiva": {"efeito": "peso_reduzido", "valor": 15},
        "critico": 0.08, "velocidade_ataque": 0.8, "afinidade_elemento": null,
        "durabilidade": 120.0, "durabilidade_max": 120.0,
        "habilidade": "Terremoto", "custo_mana": 45.0
    },
    {
        "nome": "Machado de Arremesso",
        "tipo": "Arremesso",
        "dano": 12.0, "peso": 6.0, "raridade": "Comum",
        "comp_cabo": 15.0, "comp_lamina": 25.0, "largura": 18.0, "distancia": 0.0,
        "comp_corrente": 0.0, "comp_ponta": 0.0, "largura_ponta": 0.0,
        "tamanho_projetil": 0.35, "quantidade": 2,
        "tamanho_arco": 0.0, "forca_arco": 0.0, "tamanho_flecha": 0.0,
        "quantidade_orbitais": 1, "tamanho": 15.0, "distancia_max": 8.0, "separacao": 0.3,
        "forma1_cabo": 0.0, "forma1_lamina": 0.0, "forma2_cabo": 0.0, "forma2_lamina": 0.0, "forma_atual": 1,
        "r": 180, "g": 140, "b": 60, "estilo": "", "cabo_dano": false,
        "habilidades": [{"nome": "Impacto Sônico", "custo": 30.0}],
        "encantamentos": [], "passiva": null,
        "critico": 0.06, "velocidade_ataque": 0.9, "afinidade_elemento": null,
        "durabilidade": 90.0, "durabilidade_max": 90.0,
        "habilidade": "Impacto Sônico", "custo_mana": 30.0
    },
    {
        "nome": "Arco Longo",
        "tipo": "Arco",
        "dano": 9.0, "peso": 4.0, "raridade": "Incomum",
        "comp_cabo": 5.0, "comp_lamina": 5.0, "largura": 5.0, "distancia": 0.0,
        "comp_corrente": 0.0, "comp_ponta": 0.0, "largura_ponta": 0.0,
        "tamanho_projetil": 0.0, "quantidade": 1,
        "tamanho_arco": 70.0, "forca_arco": 0.8, "tamanho_flecha": 40.0,
        "quantidade_orbitais": 1, "tamanho": 10.0, "distancia_max": 12.0, "separacao": 0.0,
        "forma1_cabo": 0.0, "forma1_lamina": 0.0, "forma2_cabo": 0.0, "forma2_lamina": 0.0, "forma_atual": 1,
        "r": 100, "g": 180, "b": 80, "estilo": "preciso", "cabo_dano": false,
        "habilidades": [{"nome": "Relâmpago", "custo": 40.0}],
        "encantamentos": [], "passiva": {"efeito": "crit_chance", "valor": 15},
        "critico": 0.15, "velocidade_ataque": 0.85, "afinidade_elemento": null,
        "durabilidade": 70.0, "durabilidade_max": 70.0,
        "habilidade": "Relâmpago", "custo_mana": 40.0
    },
    {
        "nome": "Orbes Orbitais",
        "tipo": "Orbital",
        "dano": 8.0, "peso": 2.0, "raridade": "Raro",
        "comp_cabo": 0.0, "comp_lamina": 0.0, "largura": 0.0, "distancia": 1.8,
        "comp_corrente": 0.0, "comp_ponta": 0.0, "largura_ponta": 0.0,
        "tamanho_projetil": 0.0, "quantidade": 3,
        "tamanho_arco": 0.0, "forca_arco": 0.0, "tamanho_flecha": 0.0,
        "quantidade_orbitais": 3, "tamanho": 20.0, "distancia_max": 0.0, "separacao": 0.0,
        "forma1_cabo": 0.0, "forma1_lamina": 0.0, "forma2_cabo": 0.0, "forma2_lamina": 0.0, "forma_atual": 1,
        "r": 100, "g": 200, "b": 255, "estilo": "orbital", "cabo_dano": false,
        "habilidades": [{"nome": "Buraco Negro", "custo": 50.0}],
        "encantamentos": [], "passiva": {"efeito": "aoe_damage", "valor": 30},
        "critico": 0.05, "velocidade_ataque": 1.0, "afinidade_elemento": "ARCANO",
        "durabilidade": 150.0, "durabilidade_max": 150.0,
        "habilidade": "Buraco Negro", "custo_mana": 50.0
    },
    {
        "nome": "Cajado das Chamas",
        "tipo": "Mágica",
        "dano": 13.0, "peso": 4.5, "raridade": "Raro",
        "comp_cabo": 30.0, "comp_lamina": 20.0, "largura": 8.0, "distancia": 0.0,
        "comp_corrente": 0.0, "comp_ponta": 0.0, "largura_ponta": 0.0,
        "tamanho_projetil": 0.4, "quantidade": 3,
        "tamanho_arco": 0.0, "forca_arco": 0.0, "tamanho_flecha": 0.0,
        "quantidade_orbitais": 1, "tamanho": 20.0, "distancia_max": 10.0, "separacao": 0.3,
        "forma1_cabo": 0.0, "forma1_lamina": 0.0, "forma2_cabo": 0.0, "forma2_lamina": 0.0, "forma_atual": 1,
        "r": 255, "g": 120, "b": 30, "estilo": "magico", "cabo_dano": false,
        "habilidades": [{"nome": "Meteoro", "custo": 40.0}],
        "encantamentos": [], "passiva": {"efeito": "dano_bonus", "valor": 20},
        "critico": 0.08, "velocidade_ataque": 0.95, "afinidade_elemento": "FOGO",
        "durabilidade": 85.0, "durabilidade_max": 85.0,
        "habilidade": "Meteoro", "custo_mana": 40.0
    },
    {
        "nome": "Lâmina Dual",
        "tipo": "Transformável",
        "dano": 11.0, "peso": 5.5, "raridade": "Épico",
        "comp_cabo": 18.0, "comp_lamina": 45.0, "largura": 10.0, "distancia": 0.0,
        "comp_corrente": 0.0, "comp_ponta": 0.0, "largura_ponta": 0.0,
        "tamanho_projetil": 0.0, "quantidade": 1,
        "tamanho_arco": 0.0, "forca_arco": 0.0, "tamanho_flecha": 0.0,
        "quantidade_orbitais": 1, "tamanho": 15.0, "distancia_max": 0.0, "separacao": 0.0,
        "forma1_cabo": 18.0, "forma1_lamina": 45.0, "forma2_cabo": 10.0, "forma2_lamina": 25.0, "forma_atual": 1,
        "r": 180, "g": 80, "b": 220, "estilo": "", "cabo_dano": false,
        "habilidades": [
            {"nome": "Golpe do Executor", "custo": 35.0},
            {"nome": "Teleporte Relâmpago", "custo": 30.0}
        ],
        "encantamentos": [], "passiva": {"efeito": "berserk", "valor": 50},
        "critico": 0.18, "velocidade_ataque": 1.2, "afinidade_elemento": null,
        "durabilidade": 110.0, "durabilidade_max": 110.0,
        "habilidade": "Golpe do Executor", "custo_mana": 35.0
    }
]
